"","cost","eff","delta.c","delta.e","ICER","INB"
"","306.66 (277.34, 329.07)","18.736 (18.734, 18.738)",NA,NA,NA,NA
"TST QFT","198.29 (171.58, 224.67)","18.736 (18.735, 18.737)",-108.367088430755,0.000160229984905129,-676322.153402922,112.37
"TST TSPOT","216.99 (192.29, 241.1)","18.736 (18.735, 18.738)",-89.6674419171774,0.000514059455888294,-174430.099262024,102.52
"TSPOT","157.93 (137.08, 181.22)","18.738 (18.738, 18.739)",-148.72608765565,0.00263294720575988,-56486.5437978758,214.55
"QFT","144.59 (128.51, 159.18)","18.738 (18.738, 18.739)",-162.068318057249,0.00266553992589586,-60801.3095143492,228.71
