"","cost","eff","delta.c","delta.e","ICER","INB"
"","451.52 (425.37, 486.1)","18.726 (18.722, 18.728)",NA,NA,NA,NA
"TST QFT","332.55 (299.87, 361.56)","18.725 (18.722, 18.727)",-118.971233272771,-0.000939658144938988,126611.187178605,95.48
"TST TSPOT","342.71 (312.04, 367.23)","18.724 (18.722, 18.727)",-108.809686316229,-0.00117732563982059,92421.062309328,79.38
"TSPOT","289.93 (263.55, 317.49)","18.727 (18.724, 18.73)",-161.595066250343,0.0014818026322942,-109053.029552359,198.64
"QFT","277.05 (251.82, 307.74)","18.727 (18.724, 18.73)",-174.472685486434,0.00157693250671056,-110640.55357092,213.9
